{
  "id": "0002-what-should-i-do",
  "title": "Мой мастер спас человека, подделав отчет. Теперь он заставляет меня подписать его. Что делать?",
  "author": "student-mavir",
  "author_id": "student_mavir_uni",
  "sector": "Университет",
  "board": "советы",
  "tags": ["дилемма", "работа", "протоколы", "человеческий_фактор", "мораль", "геодезия"],
  "created": "2025-08-11T14:05:00Z",
  "body": "Я в тупике...",
  "comments": [
    {
      "id": "c2-1",
      "author": "deicide-mentor",
      "author_id": "deicide_mentor",
      "sector": "Вечный Город",
      "created": "2025-08-11T14:15:00Z",
      "body": "подписывай салага. правила для тех кто сидит в кабинете. старик был 'в поле'. он сделал то что должен был. точка."
    },
    {
      "id": "c2-2",
      "author": "supervisor-riggs",
      "author_id": "supervisor_riggs_internal",
      "sector": "Внутренний контроль",
      "created": "2025-08-11T14:20:00Z",
      "body": "Гражданин Мавир. Ваше публичное обращение зафиксировано и является достаточным основанием для начала внутреннего расследования в отношении мастера Гидеона по факту нарушения статей 7.14 и 12.3. Благодарим за содействие. Ожидайте вызова для дачи показаний.",
      "replies": [
        {
          "id": "c2-2-r1",
          "author": "student-mavir",
          "author_id": "student_mavir_uni",
          "sector": "Университет",
          "created": "2025-08-11T14:22:00Z",
          "body": "Какое содействие?! Я просто просил совета!"
        },
        {
          "id": "c2-2-r2",
          "author": "assi-the-runner",
          "author_id": "assi_runner_99",
          "sector": "Линия Фронта",
          "created": "2025-08-11T14:30:00Z",
          "body": "молодец студент. донес на себя сам. сэкономил ребятам из контроля время на бумажки ;) премию себе выпишут.",
          "replies": [
            {
              "id": "c2-2-r2-s1",
              "author": "student-mavir",
              "author_id": "student_mavir_uni",
              "sector": "Университет",
              "created": "2025-08-11T14:33:00Z",
              "body": "Но что мне было делать? Я один здесь! Мне не с кем поговорить!"
            }
          ]
        },
        {
          "id": "c2-2-r4",
          "author": "civ-student",
          "author_id": "civ_student_rebel",
          "sector": "Университет",
          "created": "2025-08-11T15:00:00Z",
          "body": "ВОТ ОНО! ИСТИННОЕ ЛИЦО СИСТЕМЫ! Вместо того чтобы помочь человеку в беде - они открывают дело! Риггс, ты НЕ СИСТЕМА, ТЫ ЕЕ ЦЕПНОЙ ПЕС! ✊"
        }
      ]
    },
    {
      "id": "c2-3",
      "author": "techie-linus",
      "author_id": "techie_linus",
      "sector": "Техузел-4",
      "created": "2025-08-11T14:28:00Z",
      "body": "Спиральное отклонение гравиметрического отвеса указывает на торсионное поле 3-го порядка. Вы зафиксировали точные параметры отклонения? Нужно больше данных. Ваша моральная дилемма вторична по сравнению с уникальным научным феноменом!",
      "replies": [
        {
          "id": "c2-3-r1",
          "author": "student-lira_genetics",
          "author_id": "student_lira_genetics",
          "sector": "Университет",
          "created": "2025-08-11T14:31:00Z",
          "body": "Линус, перестань! Речь о человеческой жизни! А что, если это не «торсионное поле», а просто эманация страха? Может, Гидеон прав, и человечность — это физический параметр?! 🌱",
          "replies": [
            {
              "id": "c2-3-r1-s1",
              "author": "techie-linus",
              "author_id": "techie_linus",
              "sector": "Техузел-4",
              "created": "2025-08-11T14:34:00Z",
              "body": "`«Эманация страха»` — ненаучный термин. Но если бы мы могли измерить ее амплитуду... Вся этика сводится к физике, если копнуть достаточно глубоко. ¯\\_(ツ)_/¯"
            }
          ]
        }
      ]
    },
    {
      "id": "c2-6",
      "author": "operator-brokk7",
      "author_id": "operator_brokk_7_b23",
      "sector": "B-23",
      "created": "2025-08-11T14:45:00Z",
      "body": "Я Брок. Это про меня. Мне дочь ссылку скинула. Мастер Гидеон, спасибо вам. А тебе, студент... Я не знаю, что ты решишь. Но я сейчас дома, обнимаю свою младшую. Она просила передать, что у тебя добрые глаза. Пожалуйста, не подписывай. Но и не доноси. Просто сожги этот чертов бланк.",
      "replies": [
        {
          "id": "c2-6-r3",
          "author": "meme-smith",
          "author_id": "meme_smith_7",
          "sector": "Южный-7",
          "created": "2025-08-11T14:55:00Z",
          "body": "мужики я плачу просто 😭 какая история... риггс у тебя сердца нет 💔 студент жги бумагу!! 🔥🔥🔥"
        }
      ]
    },
     {
      "id": "c2-4",
      "author": "master-gideon",
      "author_id": "master_gideon_geodezist",
      "sector": "Сектор Геодезии",
      "created": "2025-08-11T15:10:00Z",
      "body": "Выбор всегда за тобой, парень. Я свой сделал. А ты сделай свой. Только помни: любой протокол мертв, пока под ним нет подписи живого человека. И ответственности за нее. А вам, `supervisor-riggs`, если уж так хочется кого-то проверить, приходите завтра на южный шлюз сектора 9. Там несущая балка уже третий месяц гудит на частоте распада. Удачи с вашей аттестационной комиссией."
    }
  ]
}
