{
  "id": "0006-uni-experiment-log",
  "title": "ЛОГ ЭКСПЕРИМЕНТА: Проект «Черный Ирис». Попытка стабилизации пигмента.",
  "author": "student-lira",
  "author_id": "student_lira_genetics",
  "sector": "Университет",
  "board": "исследования",
  "tags": ["генетика", "ботаника", "симуляция", "ошибка", "хриш"],
  "created": "2025-08-14T11:00:00Z",
  "body": "**День 1:** Начало симуляции. 1504 образца гена черного ириса. Цель — достичь 99.9% стабильности репликации цвета.\n\n**День 10 (вирт.):** Все образцы в норме. Стабильность 99.94%. Результат ожидаемый.\n\n**День 50 (вирт.):** Обнаружена аномалия. Образец №1503 реплицировал с несанкционированным шафрановым пигментом. Предположительно, остаточный «спящий ген». Стабильность упала до 92%. Ошибка.\n\n**День 70 (вирт.):** Шафрановый ген оказался доминантным. В симуляции уже 12% «зараженных» образцов. Они не умирают, наоборот — вытесняют черные. Это противоречит закону энергетической эффективности Рианнон. Перезапускаю симуляцию с очисткой гена.\n\n**День 1 (вирт., перезапуск 2):** Снова та же картина. №1503 опять рыжий. Откуда он берет информацию о цвете? Этого гена больше нет в коде. Я проверяла трижды.\n\n**День 1 (вирт., перезапуск 5):** Я удалила все гены цвета. Вообще. В симуляции должны были вырасти бесцветные, альбиносные структуры. №1503 все равно шафрановый.\n\n**День 1 (вирт., перезапуск 10):** Я оставила в симуляции только образец №1503. Изолировала его. Он вырос шафрановым. Магистр Силас говорит, что это Хриш. Что «порча» пытается пробиться в мир через красивые образы. Он приказал стереть проект. \n\nЯ не могу. Этот цветок... он как будто помнит то, чего никогда не было. Я запущу симуляцию еще раз. В последний раз.",
  "comments": [
    {
      "id": "c6-1",
      "author": "magister-silas",
      "author_id": "magister_silas_uni",
      "sector": "Университет",
      "created": "2025-08-14T11:30:00Z",
      "body": "Лира, ваш доступ к симулятору заблокирован. Немедленно явитесь ко мне в кабинет. Эксперимент завершен.",
      "replies": [
        {
          "id": "c6-1-r1",
          "author": "student-kaelen",
          "author_id": "student_kaelen_lotus",
          "sector": "Университет",
          "created": "2025-08-14T11:35:00Z",
          "body": "Я же говорил ей, что это плохая затея! Лира, ты где?"
        }
      ]
    },
    {
      "id": "c6-2",
      "author": "techie-linus",
      "author_id": "techie_linus",
      "sector": "Техузел-4",
      "created": "2025-08-14T12:00:00Z",
      "body": "Звучит как фантомное считывание из поврежденного сектора памяти. Данные физически стерты, но их «эхо» все еще влияет на систему. Очень опасно. Ваша симуляция могла создать постоянный канал для этого эха."
    }
  ]
}
