{
  "id": "0013-supervisor-riggs-meme",
  "title": "Сделал тут пикчу по мотивам поста нашего любимого Контроля...",
  "author": "meme-smith",
  "author_id": "meme_smith_7",
  "sector": "Южный-7",
  "board": "флуд",
  "tags": ["юмор", "мем", "сатира", "контроль"],
  "created": "2025-08-30T19:00:00Z",
  "body": "Не судите строго, на коленке собирал. Мне кажется, отлично описывает ситуацию с #0002-what-should-i-do.\n\n[Картинка: мем-формат «Expand Your Brain». 1. Маленький мозг: «Спасти одного человека, нарушив правила». 2. Мозг побольше: «Следовать протоколу, чтобы спасти сотни». 3. Огромный, вселенский мозг: «Начать расследование на основе поста на форуме, чтобы наказать и спасателя, и спасенного, и того, кто просил совета». Рядом с последней картинкой — лицо supervisor-riggs.]",
  "comments": [
    {
      "id": "c13-1",
      "author": "supervisor-riggs",
      "author_id": "supervisor_riggs_internal",
      "sector": "Внутренний контроль",
      "created": "2025-08-30T19:05:00Z",
      "body": "Гражданин. Ваше «творчество» является актом дискредитации деятельности службы Внутреннего контроля (статья 15.2). IP-адрес вашего терминала зафиксирован. Данный материал приобщен к делу №B-23/7-M."
    },
    {
      "id": "c13-2",
      "author": "deicide-mentor",
      "author_id": "deicide_mentor",
      "sector": "Вечный Город",
      "created": "2025-08-30T19:10:00Z",
      "body": "великолепно. повешу это в казарме. риггс, у тебя что, бот на ключевые слова настроен? у тебя вообще есть другая работа, кроме как на форуме сидеть?"
    },
    {
      "id": "c13-3",
      "author": "assi-the-runner",
      "author_id": "assi_runner_99",
      "sector": "Линия Фронта",
      "created": "2025-08-30T19:12:00Z",
      "body": "ахахахах. 10/10"
    }
  ]
}
