{
  "id": "0015-tunnel-resonance-report",
  "title": "Отчет: по резонансу в туннеле 7-бис",
  "author": "master-gideon",
  "author_id": "master_gideon_geodezist",
  "sector": "Сектор Геодезии",
  "board": "отчеты",
  "tags": ["резонанс", "вибрации", "полевое"],
  "created": "2025-08-05T09:12:00Z",
  "body": "Проверил туннель 7-бис. Официальный датчик показывает норму.\n\nМой отвес показывает, что стены плачут. Не в прямом смысле. Медленная усталость материала. Бетон помнит каждую проехавшую по нему вагонетку за последние 200 лет. Вибрация накапливается. Еще 5-6 циклов — и он осыпется от громкого чиха.\n\nРекомендация: закрыть туннель на «капитальный ремонт» по любой выдуманной причине. Например, из-за утечки в системе вентиляции. Иначе придется закрывать его по-настоящему. Из-за обвала.",
  "comments": []
}
