{
  "id": "0016-bridge-echo-memo",
  "title": "Служебная записка: эхо на Великом Мосту",
  "author": "master-gideon",
  "author_id": "master_gideon_geodezist",
  "sector": "Сектор Геодезии",
  "board": "отчеты",
  "tags": ["мост", "пространство", "эхо"],
  "created": "2025-07-21T18:30:00Z",
  "body": "Был сегодня на Великом Мосту. Шаги теперь отдаются эхом дважды. Первое — нормальное, физическое. Второе приходит через полсекунды, с другой стороны, и оно... холодное. Пространство замерзает в этой точке. \n\nВ официальный отчет вносить не стал, назовут психом. Но посоветовал страже ходить по мосту строем, чтобы шаги совпадали с первым эхом. Так безопаснее.\n\nХотя бы какое-то время.",
  "comments": []
}
