{
  "id": "0017-compass-note-north",
  "title": "Заметка: о магнитном севере",
  "author": "master-gideon",
  "author_id": "master_gideon_geodezist",
  "sector": "Сектор Геодезии",
  "board": "заметки",
  "tags": ["компас", "магнетизм", "наблюдение"],
  "created": "2025-06-11T12:00:00Z",
  "body": "Молодежь смеется над моим старым магнитным компасом. У них же все в имплантах.\n\nТолько вот их импланты показывают север там, где указано в центральном сервере. А мой компас сегодня целый час показывал на юг. \n\nЭто не значит, что компас сломался. Это значит, что сегодня на один час юг побыл севером.\n\nОни этого даже не заметили.",
  "comments": []
}
