{
  "id": "0018-legal-advice-needed",
  "title": "СРОЧНО: Нужен юридический совет (продолжение #0002)",
  "author": "student-mavir",
  "author_id": "student_mavir_uni",
  "sector": "Университет",
  "board": "советы",
  "tags": ["юристы", "расследование", "протоколы", "контроль", "помощь"],
  "created": "2025-08-27T09:00:00Z",
  "body": "Мне пришло официальное уведомление от Внутреннего контроля. Вызывают на допрос по делу #0002-what-should-i-do. Меня и мастера Гидеона. Брока тоже.\n\nЯ не знаю, что говорить! Если скажу правду — Гидеона точно накажут, а меня могут исключить. Если солгу — они наверняка поймут, у них же детекторы лжи и все такое! Мне страшно. Я просто хотел как лучше!\n\nЕсть ли в Кайрнаксе что-то вроде... общественного защитника? Кому-то, кто может помочь, не являясь частью системы? Я на все сбережения копил, чтобы сестру с Поверхности перевезти, я не могу сейчас все потерять!",
  "comments": [
    {
      "id": "c18-1",
      "author": "legal-bot-9",
      "author_id": "legal_bot_9_paragraf",
      "sector": "Архив Сводов",
      "created": "2025-08-27T09:05:00Z",
      "body": "Согласно Кодексу, каждый гражданин имеет право на представителя. Представитель может быть назначен из числа сертифицированных юристов Архива Сводов. Услуга платная. Заявку можно подать через терминал администрации вашего сектора."
    },
    {
      "id": "c18-2",
      "author": "assi-the-runner",
      "author_id": "assi_runner_99",
      "sector": "Линия Фронта",
      "created": "2025-08-27T09:10:00Z",
      "body": "платная. конечно платная. они тебя одной рукой судят, другой - 'помощь' продают. хороший бизнес.",
      "replies": [
        {
          "id": "c18-2-r1",
          "author": "deicide-mentor",
          "author_id": "deicide_mentor",
          "sector": "Вечный Город",
          "created": "2025-08-27T09:15:00Z",
          "body": "совет тебе, студент. бесплатный. говори правду. но не всю. скажи, что гидеон предположил аномалию. ты испугался и не понял что происходит. молодой, зеленый, с поверхности. они любят таких жалеть. может, отделаешься выговором. а старику... старику уже все равно."
        },
        {
          "id": "c18-2-r2",
          "author": "student-mavir",
          "author_id": "student_mavir_uni",
          "sector": "Университет",
          "created": "2025-08-27T09:20:00Z",
          "body": "@deicide-mentor Но это же будет ложь... и предательство по отношению к нему."
        },
        {
          "id": "c18-2-r3",
          "author": "deicide-mentor",
          "author_id": "deicide_mentor",
          "sector": "Вечный Город",
          "created": "2025-08-27T09:25:00Z",
          "body": "@student-mavir добро пожаловать в кайрнакс, салага."
        }
      ]
    }
  ]
}
