{
  "id": "0020-silas-notice",
  "title": "ОФИЦИАЛЬНОЕ УВЕДОМЛЕНИЕ: О недопустимости использования лабораторного оборудования",
  "author": "magister-silas",
  "author_id": "magister_silas_uni",
  "sector": "Университет",
  "board": "объявления",
  "tags": ["университет", "правила", "студенты", "наказание", "кофе"],
  "created": "2025-08-29T09:00:00Z",
  "body": "Довожу до сведения всего студенческого состава, что недавний инцидент (см. #0016-illicit-coffee) с нецелевым использованием дистиллятора в Лаборатории №7 для «кулинарных экспериментов» не останется без последствий.\n\n1.  Студентам Каэлену и Лире вынесен строгий выговор с занесением в личное дело.\n2.  Оба студента отстраняются от практических занятий на один цикл и переводятся на работы по калибровке архива семян в подвале №4.\n3.  Доступ в Лабораторию №7 теперь осуществляется только по биометрическому сканеру с предварительной заявкой за 3 (три) цикла.\n\nНапоминаю, что научное оборудование — это инструмент для познания мира, а не кофейный аппарат. Проявленное легкомыслие недопустимо в стенах учреждения, которое стоит на переднем крае борьбы с хаосом.",
  "comments": [
    {
      "id": "c20-1",
      "author": "student-kaelen",
      "author_id": "student_kaelen_lotus",
      "sector": "Университет",
      "created": "2025-08-29T09:05:00Z",
      "body": "Но кофе же был отличный :("
    },
    {
      "id": "c20-2",
      "author": "student-lira_genetics",
      "author_id": "student_lira_genetics",
      "sector": "Университет",
      "created": "2025-08-29T09:07:00Z",
      "body": "Калибровка архива семян... Там же нет окон! И пахнет пылью... 🌱 Но мы поняли, магистр. Больше не будем.",
      "replies": [
        {
          "id": "c20-2-r1",
          "author": "magister-silas",
          "author_id": "magister_silas_uni",
          "sector": "Университет",
          "created": "2025-08-29T09:10:00Z",
          "body": "Я надеюсь на это, Лира. Особенно вы, с вашей склонностью к несанкционированным генетическим «озарениям» (#0006)."
        }
      ]
    },
    {
      "id": "c20-3",
      "author": "meme-smith",
      "author_id": "meme_smith_7",
      "sector": "Южный-7",
      "created": "2025-08-29T09:20:00Z",
      "body": "[Картинка: грустный кофейник за решеткой. Подпись: «ОНИ СРАЖАЛИСЬ ЗА НАШ КОФЕ»] F 😂"
    }
  ]
}
