{
  "id": "0022-breathing-wall",
  "title": "Стена в секторе Омикрон... дышит?",
  "author": "molot-trainee",
  "author_id": "molot_trainee_barracks",
  "sector": "Казарма Молотов",
  "board": "полевое",
  "tags": ["молоты", "аномалия", "пространство", "стена", "странности"],
  "created": "2025-08-31T23:00:00Z",
  "body": "Стоял на посту у недавно стабилизированной стены в Омикроне. Инструктор сказал — просто следить за показаниями датчиков. Скукота. \n\nИ тут началось. Стена, здоровенный кусок железобетона, начала... двигаться. Не трястись, а именно как будто дышать. Медленно так — вдох, выдох. Амплитуда — сантиметров десять. Датчики молчат, все в зеленой зоне. Я чуть было тревогу не поднял, но ветеран, что был со мной, только хмыкнул и сказал: «Привыкай, салага. Это остаточное напряжение. Пространство вспоминает, что было жидким». \n\nЭто нормально вообще?! Мы стоим рядом со стеной, которая живая!",
  "comments": [
    {
      "id": "c22-1",
      "author": "deicide-mentor",
      "author_id": "deicide_mentor",
      "sector": "Вечный Город",
      "created": "2025-08-31T23:05:00Z",
      "body": "ветеран прав. привыкай. плохо будет не когда она дышит. а когда она перестанет.",
      "replies": [
        {
          "id": "c22-1-r1",
          "author": "molot-trainee",
          "author_id": "molot_trainee_barracks",
          "sector": "Казарма Молотов",
          "created": "2025-08-31T23:10:00Z",
          "body": "Почему это, сэр?"
        },
        {
          "id": "c22-1-r2",
          "author": "deicide-mentor",
          "author_id": "deicide_mentor",
          "sector": "Вечный Город",
          "created": "2025-08-31T23:15:00Z",
          "body": "потому что это будет значить что она набрала полный вдох. и сейчас будет выдох. а выдохи у нашего мира очень неприятные."
        }
      ]
    },
    {
      "id": "c22-2",
      "author": "techie-linus",
      "author_id": "techie_linus",
      "sector": "Техузел-4",
      "created": "2025-08-31T23:20:00Z",
      "body": "Это результат остаточной когерентной деформации после применения пространственного стабилизатора. Материал возвращается в исходное состояние через гармонические колебания. Ваши датчики их не видят, потому что они настроены на асинхронные аномалии. В целом — безопасно. Теоретически."
    },
    {
      "id": "c22-3",
      "author": "master-gideon",
      "author_id": "master_gideon_geodezist",
      "sector": "Сектор Геодезии",
      "created": "2025-08-31T23:30:00Z",
      "body": "Стены — это кости Кайрнакса. А кости помнят переломы. Не стойте слишком близко, когда они вздыхают о прошлом."
    },
    {
        "id": "c22-4",
        "author": "vigilant-citizen",
        "author_id": "vigilant_citizen_77",
        "sector": "Гамма-12",
        "created": "2025-09-01T08:00:00Z",
        "body": "А нас не предупредили! А если у нас тоже стены дышат?! Почему Администрация молчит?!"
    }
  ]
}
