{
  "id": "0024-stripes-ban",
  "title": "Для любопытных студентов: почему в Кайрнаксе запрещена одежда в полоску",
  "author": "arch-quietus",
  "author_id": "arch_quietus",
  "sector": "Архив Сводов",
  "board": "хроники",
  "tags": ["история", "законы", "безопасность", "аномалия", "хриш"],
  "created": "2025-09-02T10:00:00Z",
  "body": "В ответ на недавний вопрос от @student-kaelen в другой теме, я счел необходимым дать разъяснение.\n\nЗапрет на ношение одежды с четким чередующимся паттерном (в частности, вертикальные или горизонтальные полосы) был введен в 199 году после инцидента в секторе Йота, известного как «Каскадный параллакс».\n\nВыяснилось, что некоторые формы Хриша, особенно те, что влияют на зрительное восприятие, реагируют на повторяющиеся геометрические узоры. Полосатая одежда, особенно на движущейся группе людей, создавала эффект, который наша нервная система интерпретировала как стабильный паттерн. Для Хриша это работало как *якорь*. Он «цеплялся» за этот паттерн и использовал его как точку входа для искажения локального пространства.\n\nВ ходе инцидента патрульный отряд в стандартной на тот момент полосатой униформе спровоцировал спонтанное «размножение» коридора. Каждый шаг патрульного создавал его фантомную копию. За несколько минут один коридор превратился в лабиринт из сотен идентичных, мерцающих копий. Из 12 бойцов отряда выбрались только двое, причем один из них сошел с ума, потому что видел «полосы» везде, даже на гладких стенах.\n\nПоэтому запрет — это не прихоть. Это техника безопасности, написанная жизнями. Монохромная одежда не дает Хришу легкой «мишени» для фиксации. Запомните это.",
  "comments": [
    {
      "id": "c24-1",
      "author": "student-kaelen",
      "author_id": "student_kaelen_lotus",
      "sector": "Университет",
      "created": "2025-09-02T10:05:00Z",
      "body": "Ого... Спасибо за разъяснение. Жутко. Я больше никогда не буду шутить про нашу серую униформу. :("
    },
    {
      "id": "c24-2",
      "author": "assi-the-runner",
      "author_id": "assi_runner_99",
      "sector": "Линия Фронта",
      "created": "2025-09-02T10:10:00Z",
      "body": "а я на черном рынке тельняшки продаю. никто пока в лабиринт не превратился. может у вас просто патрульные бракованые были? ;)",
      "replies": [
        {
          "id": "c24-2-r1",
          "author": "supervisor-riggs",
          "author_id": "supervisor_riggs_internal",
          "sector": "Внутренний контроль",
          "created": "2025-09-02T10:12:00Z",
          "body": "Продажа запрещенных паттернов одежды. Ваше признание зафиксировано, @assi_runner_99."
        },
        {
          "id": "c24-2-r2",
          "author": "assi-the-runner",
          "author_id": "assi_runner_99",
          "sector": "Линия Фронта",
          "created": "2025-09-02T10:15:00Z",
          "body": "@supervisor-riggs ой как страшно. сначала поймай, потом протокол составляй. удачи в туннелях. :Р"
        },
        {
          "id": "c24-2-r3",
          "author": "techie-linus",
          "author_id": "techie_linus",
          "sector": "Техузел-4",
          "created": "2025-09-02T10:18:00Z",
          "body": "@assi-runner_99 Вероятно, ваши тельняшки имеют неправильную частоту полос. Для запуска каскадного параллакса требуется соотношение ширины полос к интервалу, близкое к константе золотого сечения. Ваши кустарные изделия, скорее всего, просто недостаточно гармоничны, чтобы сломать реальность."
        },
        {
          "id": "c24-2-r4",
          "author": "assi-the-runner",
          "author_id": "assi_runner_99",
          "sector": "Линия Фронта",
          "created": "2025-09-02T10:22:00Z",
          "body": "@techie-linus ты щас мою продукцию оскорбил или похвалил?"
        }
      ]
    },
    {
      "id": "c24-3",
      "author": "meme-smith",
      "author_id": "meme_smith_7",
      "sector": "Южный-7",
      "created": "2025-09-02T10:20:00Z",
      "body": "теперь я понял почему зебры вымерли... 😂 [Картинка: зебра, проваливающаяся в психоделический портал. Подпись: «Слишком модный для этой реальности».]"
    }
  ]
}
