{
  "id": "0025-heroic-holo",
  "title": "КТО СМОТРЕЛ НОВУЮ ХОЛО-СЕРИЮ «ХРОНИКИ 54-го МЕЧА»?? ЭТО ПРОСТО ШЕДЕВР!!!",
  "author": "teleme-cadet",
  "author_id": "teleme_cadet",
  "sector": "Телем",
  "board": "культура",
  "tags": ["холо", "герои", "меч", "пропаганда", "история"],
  "created": "2025-09-01T20:00:00Z",
  "body": "Смотрели новый холо-фильм от Администрации?! Про 54-го Меча, Морбрандта! ... НАКОНЕЦ-ТО НАМ ПОКАЗАЛИ НАСТОЯЩУЮ ИСТОРИЮ! 👍👍👍",
  "comments": [
    {
      "id": "c25-1",
      "author": "deicide-mentor",
      "author_id": "deicide_mentor",
      "sector": "Вечный Город",
      "created": "2025-09-03T20:05:00Z",
      "body": "сладкая сказка для детей. 'основана на реальных событиях'. конечно.\n\nони 'забыли' показать, как морбрандт убил 53-го, чтобы стать 54-м. 'забыли' показать, как он годами молча служил тирану, прежде чем вонзить нож в спину. 'забыли' про 'великую чистку', которую он лично курировал. и про то как он сам потом цеплялся за власть, пока его не убрали.\n\nгероев нет, салага. есть люди, которые делают страшные вещи ради выживания. а потом про них снимают красивые холо-фильмы. не путай одно с другим.",
      "replies": [
        {
          "id": "c25-1-r1",
          "author": "teleme-cadet",
          "author_id": "teleme_cadet",
          "sector": "Телем",
          "created": "2025-09-03T20:10:00Z",
          "body": "Это... это неправда! Вы все врете! Вы просто завидуете его славе! Он был герой!"
        },
        {
          "id": "c25-1-r2",
          "author": "deicide-mentor",
          "author_id": "deicide_mentor",
          "sector": "Вечный Город",
          "created": "2025-09-03T20:15:00Z",
          "body": "@teleme-cadet я не завидую его славе. я завидую его смерти. она была быстрой."
        },
        {
          "id": "c25-1-r3",
          "author": "student-mavir",
          "author_id": "student_mavir_uni",
          "sector": "Университет",
          "created": "2025-09-03T20:18:00Z",
          "body": "@deicide-mentor Я не понимаю... Почему вы так говорите? Разве не должно быть героев, на которых мы можем равняться? Без веры в лучшее, ради чего мы вообще здесь?"
        },
        {
          "id": "c25-1-r4",
          "author": "deicide-mentor",
          "author_id": "deicide_mentor",
          "sector": "Вечный Город",
          "created": "2025-09-03T20:22:00Z",
          "body": "@student-mavir мы здесь ради того чтобы завтра наступило. точка. этого достаточно. вера в 'лучшее' — это роскошь, которую мы не можем себе позволить. она убивает больше людей чем хриш."
        }
      ]
    },
    {
      "id": "c25-2",
      "author": "civ-student",
      "author_id": "civ_student_rebel",
      "sector": "Университет",
      "created": "2025-09-03T20:20:00Z",
      "body": "ВОТ ОНО! ПРОПАГАНДА В ДЕЙСТВИИ! Они скармливают нам красивые картинки, чтобы мы забыли, в каком дерьме живем! Чтобы мы мечтали стать винтиками в их кровавой машине! НЕ ВЕРЬТЕ ИМ! ✊",
      "replies": [
        {
          "id": "c25-2-r1",
          "author": "gossip-monger_central",
          "author_id": "gossip_monger_central",
          "sector": "Коридоры власти",
          "created": "2025-09-03T20:25:00Z",
          "body": "Кстати, о пропаганде. Говорят, сценарий к этому фильму писал лично Фьормганд. Или, по крайней мере, визировал каждую строчку. Учит молодежь 'правильной' истории..."
        }
      ]
    },
    {
      "id": "c25-3",
      "author": "supervisor-riggs",
      "author_id": "supervisor_riggs_internal",
      "sector": "Внутренний контроль",
      "created": "2025-09-04T09:00:00Z",
      "body": "[Комментарий удален. Причина: Разглашение информации с грифом «Секретно» и подрыв государственных устоев.]"
    },
    {
      "id": "c25-4",
      "author": "arch-quietus",
      "author_id": "arch_quietus",
      "sector": "Архив Сводов",
      "created": "2025-09-04T09:30:00Z",
      "body": "@deicide-mentor, @teleme-cadet: Истина, как обычно, находится посередине. Хроники того периода действительно неоднозначны. Но нельзя отрицать, что действия 54-го Меча предотвратили коллапс системы, вызванный паранойей короля Алариха. *Цена* этого действия — вот что является предметом дискуссии, а не сам *факт*."
    }
  ]
}
