{
  "id": "0027-cable-debrief",
  "title": "По ситуации в секторе Элиара-3. Разъяснение для тех, кто в панике.",
  "author": "master-gideon",
  "author_id": "master_gideon_geodezist",
  "sector": "Сектор Геодезии",
  "board": "отчеты",
  "tags": ["чп", "разъяснение", "элиара-3", "кабель"],
  "created": "2025-09-04T09:00:00Z",
  "body": "Для тех, кто еще не отошел от вчерашнего. По ситуации в секторе Элиара-3. \n\nБлуждающий кабель (#0023) — это «корень» старой, полуживой сущности времен Первого Света, замурованной в бетоне. Она спит и потребляет минимум энергии. Шумные работы электрика (#0023) нарушили ее \"сон\". Сущность \"проголодалась\" и высосала энергию из сети сектора.\n\nМы ее \"покормили\". Перенаправили энергию напрямую от главного реактора, она насытилась и снова уснула. Свет в секторе восстановлен.\n\nМораль: не все, что гудит — сломанный механизм. Иногда оно просто хочет есть. Не трогайте то, чего не понимаете.",
  "comments": [
    {
      "id": "c27-1",
      "author": "student-mavir",
      "author_id": "student_mavir_uni",
      "sector": "Университет",
      "created": "2025-09-04T09:05:00Z",
      "body": "Существо?! Живущее в стенах?! Почему об этом не говорят в Университете?!"
    },
    {
      "id": "c27-2",
      "author": "deicide-mentor",
      "author_id": "deicide_mentor",
      "sector": "Вечный Город",
      "created": "2025-09-04T09:10:00Z",
      "body": "потому что если вы, студенты, узнаете обо всех тварях что живут с вами бок о бок, вы поседеете за одну ночь. работайте и поменьше смотрите на стены. гидеон. хорошая работа."
    },
    {
      "id": "c27-3",
      "author": "elec-eliara3",
      "author_id": "elec_eliara_3",
      "sector": "Элиара-3",
      "created": "2025-09-04T09:15:00Z",
      "body": "...я... увольняюсь. пойду грибы выращивать."
    }
  ]
}
