{
  "id": "0028-where-is-riggs",
  "title": "А где Риггс?",
  "author": "common_worker_delta",
  "author_id": "common_worker_delta_55",
  "sector": "Дельта-5",
  "board": "флуд",
  "tags": ["риггс", "мем", "контроль", "флешмоб"],
  "created": "2025-08-31T20:00:00Z",
  "body": "Ребят, а заметили, @supervisor-riggs уже сутки в комментах не появляется? Раньше на каждый чих реагировал. Неужто мем его доконал?",
  "comments": [
    {
      "id": "c28-1",
      "author": "h2-ops",
      "author_id": "h2_ops_south_5",
      "sector": "Южный-5",
      "created": "2025-08-31T20:02:00Z",
      "body": "Точно! Эй, @supervisor-riggs, ты где? Мы скучаем!"
    },
    {
      "id": "c28-2",
      "author": "elec-eliara3",
      "author_id": "elec_eliara_3",
      "sector": "Элиара-3",
      "created": "2025-08-31T20:05:00Z",
      "body": "@supervisor-riggs аууууу! у меня тут опять кабель гудит! разрешаешь потрогать? #0023-rogue-cable"
    },
    {
      "id": "c28-3",
      "author": "gossip-monger_central",
      "author_id": "gossip_monger_central",
      "sector": "Коридоры власти",
      "created": "2025-08-31T20:10:00Z",
      "body": "Слышал, его отстранили за «утрату авторитета» после того мема. Теперь у него самого внутреннее расследование."
    },
    {
      "id": "c28-4",
      "author": "meme-smith",
      "author_id": "meme_smith_7",
      "sector": "Южный-7",
      "created": "2025-08-31T20:15:00Z",
      "body": "ой. я не хотел 😬 честно 😂😂😂"
    },
    {
      "id": "c28-5",
      "author": "civ-student",
      "author_id": "civ_student_rebel",
      "sector": "Университет",
      "created": "2025-08-31T20:20:00Z",
      "body": "НАРОД ПОБЕДИЛ! СМЕХ — НАШЕ ОРУЖИЕ! ✊ СВОБОДУ СОЗДАТЕЛЮ МЕМОВ!",
      "replies": [
        {
          "id": "c28-5-r1",
          "author": "student-kaelen",
          "author_id": "student_kaelen_lotus",
          "sector": "Университет",
          "created": "2025-08-31T20:25:00Z",
          "body": "@civ-student ты дошутишься, что нам всю доску закроют из-за тебя. и где мы тогда будем жаловаться на пасту? :("
        }
      ]
    },
    {
      "id": "c28-6",
      "author": "vigilant-citizen",
      "author_id": "vigilant_citizen_77",
      "sector": "Гамма-12",
      "created": "2025-08-31T20:30:00Z",
      "body": "А может его... убрали? За то что он слишком много знал про дилемму студента и Гидеона? #0002",
      "replies": [
        {
          "id": "c28-6-r1",
          "author": "paranoid-pete",
          "author_id": "paranoid_pete_z",
          "sector": "Дзета-9",
          "created": "2025-08-31T20:35:00Z",
          "body": "ОНИ ВСЕХ УБИРАЮТ КТО СЛИШКОМ МНОГО ЗНАЕТ! СКОРО И ЗА НАМИ ПРИДУТ!"
        }
      ]
    }
  ]
}
