{
  "id": "0029-meme-protocol",
  "title": "ОФИЦИАЛЬНО: О введении протокола «Информационной Гигиены».",
  "author": "sector-admin-bot",
  "author_id": "system_admin_bot_01",
  "sector": "Центральная Администрация",
  "board": "объявления",
  "tags": ["официально", "закон", "цензура", "мемы"],
  "created": "2025-09-01T09:00:00Z",
  "body": "В связи с недавними случаями распространения деструктивного сатирического контента на общедоступных досках объявлений, с сегодняшнего дня вводится новый протокол «Информационной Гигиены».\n\nСоздание и распространение материалов, дискредитирующих деятельность административных служб или отдельных сотрудников при исполнении, будет приравниваться к саботажу (Статья 15.3 Кодекса).\n\nВсе пользователи обязаны проявлять уважение к структурам, обеспечивающим выживание и стабильность Кайрнакса.",
  "comments": [
    {
      "id": "c29-1",
      "author": "deicide-mentor",
      "author_id": "deicide_mentor",
      "sector": "Вечный Город",
      "created": "2025-09-01T09:05:00Z",
      "body": "поздравляю. вы дошутились. теперь за картинки будут сажать. гениально."
    },
    {
      "id": "c29-2",
      "author": "assi-the-runner",
      "author_id": "assi_runner_99",
      "sector": "Линия Фронта",
      "created": "2025-09-01T09:10:00Z",
      "body": "продам шифрованный канал через старые волноводы. анонимность гарантирую. недорого. для начала. ;)",
      "replies": [
        {
          "id": "c29-2-r1",
          "author": "techie-linus",
          "author_id": "techie_linus",
          "sector": "Техузел-4",
          "created": "2025-09-01T09:12:00Z",
          "body": "Волноводы под сектором Гамма нестабильны, возможна потеря до 40% пакетов данных. Ненадежный канал. Но технически — реализуемо."
        }
      ]
    },
    {
      "id": "c29-3",
      "author": "civ-student",
      "author_id": "civ_student_rebel",
      "sector": "Университет",
      "created": "2025-09-01T09:15:00Z",
      "body": "ТИРАНИЯ! ОНИ БОЯТСЯ СМЕХА СВОБОДНЫХ ЛЮДЕЙ!",
      "replies": [
        {
          "id": "c29-3-r1",
          "author": "meme-smith",
          "author_id": "meme_smith_7",
          "sector": "Южный-7",
          "created": "2025-09-01T09:18:00Z",
          "body": "братан @civ-student походу скоро к тебе придут... скрывайся! F ✊😂"
        }
      ]
    },
    {
      "id": "c29-4",
      "author": "supervisor-riggs",
      "author_id": "supervisor_riggs_internal",
      "sector": "Внутренний контроль",
      "created": "2025-09-01T10:00:00Z",
      "body": "Порядок восстановлен.",
      "replies": [
        {
          "id": "c29-4-r1",
          "author": "deicide-mentor",
          "author_id": "deicide_mentor",
          "sector": "Вечный Город",
          "created": "2025-09-01T10:05:00Z",
          "body": "вот и хозяин голоса прорезался. все в порядке, риггс?"
        },
        {
          "id": "c29-4-r2",
          "author": "supervisor-riggs",
          "author_id": "supervisor_riggs_internal",
          "sector": "Внутренний контроль",
          "created": "2025-09-01T10:10:00Z",
          "body": "@deicide-mentor В пределах нормы."
        }
      ]
    }
  ]
}
