{
  "id": "0030-real-heroes-plan",
  "title": "ХВАТИТ БОЛТАТЬ, ВРЕМЯ ДЕЙСТВОВАТЬ! Собираю отряд!",
  "author": "teleme-cadet",
  "author_id": "teleme_cadet",
  "sector": "Телем",
  "board": "полевое",
  "tags": ["герои", "отряд", "хриш", "телема", "подвиг"],
  "created": "2025-09-02T19:00:00Z",
  "body": "Вы все говорите, что героев нет! Что это пропаганда! А я и мои друзья из Телема докажем вам, что вы не правы! Мы не будем сидеть сложа руки. \n\nСегодня ночью мы идем в неочищенную зону Старых туннелей за нашим сектором. По картам там низкий уровень угрозы, но патрули туда не ходят. Мы сами зачистим его от Хриша и принесем пользу Кайрнаксу! \n\nМы не боимся! Мы — будущее! Если есть еще смелые — присоединяйтесь! Дайте совет по снаряжению, что лучше брать против ползучей гнили?",
  "comments": [
    {
      "id": "c30-1",
      "author": "molot-trainee",
      "author_id": "molot_trainee_barracks",
      "sector": "Казарма Молотов",
      "created": "2025-09-02T19:05:00Z",
      "body": "Пацаны, вы с ума сошли? Без подготовки? «Низкий уровень угрозы» на старых картах означает «мы понятия не имеем, что там сейчас творится». Вас там сожрут!"
    },
    {
      "id": "c30-2",
      "author": "deicide-mentor",
      "author_id": "deicide_mentor",
      "sector": "Вечный Город",
      "created": "2025-09-02T19:10:00Z",
      "body": "идиоты. не ходите туда. это не игра."
    },
    {
        "id": "c30-3",
        "author": "civ-student",
        "author_id": "civ_student_rebel",
        "sector": "Университет",
        "created": "2025-09-02T19:15:00Z",
        "body": "[Комментарий удален. Причина: подстрекательство к действиям, угрожающим жизни и здоровью граждан (Протокол «Информационной Гигиены»)]"
    },
    {
      "id": "c30-4",
      "author": "master-gideon",
      "author_id": "master_gideon_geodezist",
      "sector": "Сектор Геодезии",
      "created": "2025-09-02T19:20:00Z",
      "body": "Старые туннели нестабильны. Там есть точки, где геометрия сворачивается сама по себе. Это не для прогулок, дети."
    }
  ]
}
