{
  "id": "0031-teleme-incident-report",
  "title": "Ночное поступление из Телема. Очень плохое.",
  "author": "med-unit-7",
  "author_id": "med_unit_7_hospital",
  "sector": "Госпиталь-3",
  "board": "медицина",
  "tags": ["трагедия", "телема", "дети", "хриш", "последствия"],
  "created": "2025-09-03T08:00:00Z",
  "body": "Ночью привезли троих кадетов из Телема. Нашли в Старых туннелях. Один — погиб, разрыв реальности, тело собрали по частям. Второй — тяжелая информационная контузия, повторяет одну и ту же фразу из пропагандистского фильма (#0025). Третий в порядке, только ногу сломал. Он и рассказал, что они пошли «охотиться на Хриш» после поста на форуме (#0030).\n\nЯ не знаю, кто из вас, комментаторов, назвал себя героем, а кто подстрекал. Но я хочу, чтобы вы пришли и посмотрели в глаза выжившему парню. И объяснили ему, почему его друзья мертвы. Герои, вашу мать.",
  "comments": [
    {
        "id": "c31-1",
        "author": "student-mavir",
        "author_id": "student_mavir_uni",
        "sector": "Университет",
        "created": "2025-09-03T08:05:00Z",
        "body": "О, боже... Это ужасно. Бедные дети..."
    },
    {
        "id": "c31-2",
        "author": "[Удаленный пользователь]",
        "author_id": "civ_student_rebel",
        "sector": "—",
        "created": "2025-09-03T08:10:00Z",
        "body": "[Комментарий и пользователь удалены Внутренним контролем]"
    },
    {
        "id": "c31-3",
        "author": "assi-the-runner",
        "author_id": "assi_runner_99",
        "sector": "Линия Фронта",
        "created": "2025-09-03T08:30:00Z",
        "body": "детям не место на войне."
    },
    {
      "id": "c31-4",
      "author": "deicide-mentor",
      "author_id": "deicide_mentor",
      "sector": "Вечный Город",
      "created": "2025-09-03T09:00:00Z",
      "body": "...я предупреждал."
    }
  ]
}
