{
  "id": "0036-found-toy",
  "title": "Нашел в старом коллекторе. Чьё может быть?",
  "author": "h2-ops",
  "author_id": "h2_ops_south_5",
  "sector": "Южный-5",
  "board": "бытовуха",
  "tags": ["находка", "дети", "игрушка", "милота"],
  "created": "2025-08-31T20:00:00Z",
  "body": "Разбирал сегодня завал в старом водосточном коллекторе под нашим сектором. Нашел вот это. Маленькая плюшевая игрушка, какой-то ушастый зверек. Грязная, конечно, и один глаз оторван, но мех до сих пор мягкий.\n\nПохоже, ее уронили давно, может, несколько циклов назад. Промыл, продезинфицировал. Выглядит почти как новая.\n\nМожет, кто-то из детей терял? Вроде у нас в Южном-5 мало семей с совсем мелкими. Жалко, если кто-то до сих пор плачет по ней. Если узнаете — пишите, отдам.",
  "comments": [
    {
      "id": "c36-1",
      "author": "assi-the-runner",
      "author_id": "assi_runner_99",
      "sector": "Линия Фронта",
      "created": "2025-08-31T20:10:00Z",
      "body": "...",
      "replies": [
        {
          "id": "c36-1-r1",
          "author": "h2-ops",
          "author_id": "h2_ops_south_5",
          "sector": "Южный-5",
          "created": "2025-08-31T20:15:00Z",
          "body": "@assi-runner_99 Что за многоточие? Узнаешь игрушку?"
        }
      ]
    },
    {
      "id": "c36-2",
      "author": "student-lira_genetics",
      "author_id": "student_lira_genetics",
      "sector": "Университет",
      "created": "2025-08-31T20:20:00Z",
      "body": "Какая прелесть! Вы такой молодец, что не прошли мимо! 🌱 Это так по-человечески!"
    },
    {
      "id": "c36-3",
      "author": "deicide-mentor",
      "author_id": "deicide_mentor",
      "sector": "Вечный Город",
      "created": "2025-08-31T20:25:00Z",
      "body": "проверь на хриш-инфильтрацию. иногда оно маскируется под что-то безобидное, чтобы его принесли в дом. старый трюк.",
      "replies": [
        {
          "id": "c36-3-r1",
          "author": "h2-ops",
          "author_id": "h2_ops_south_5",
          "sector": "Южный-5",
          "created": "2025-08-31T20:30:00Z",
          "body": "Проверил стандартным детектором. Чистая. Просто старая, забытая вещь."
        }
      ]
    },
    {
      "id": "c36-4",
      "author": "operator-brokk7",
      "author_id": "operator_brokk_7_b23",
      "sector": "B-23",
      "created": "2025-08-31T20:40:00Z",
      "body": "Хороший поступок, мужик. Если не найдешь хозяина, оставь себе. Такие вещи удачу приносят."
    }
  ]
}
