{
  "id": "0041-surface-rumor",
  "title": "Слыхали? Говорят, делегация из Атлании привезла в подарок «морской ветер» в баллонах.",
  "author": "gossip-monger_central",
  "author_id": "gossip_monger_central",
  "sector": "Коридоры власти",
  "board": "слухи",
  "tags": ["поверхность", "атлания", "политика", "подарки", "гексагон"],
  "created": "2025-08-31T09:30:00Z",
  "body": "Просочился слушок из верхних уровней. Неделю назад тайно прибыла делегация из плавучего города Атлания. Говорят, привезли дипломатические подарки для Гексагона. Среди прочего — герметичные баллоны с «настоящим морским ветром». Типа, для ароматерапии уставшим правителям.\n\nСамое смешное, что половину баллонов наша таможня не пропустила. Знаете почему? «Отсутствует сертификат соответствия на газовую смесь». Я не шучу.\n\nИнтересно, наши правители хоть понюхали, чем дышит мир наверху? Или просто передали баллоны в лабораторию Рианнон на анализ?",
  "comments": [
    {
      "id": "c41-1",
      "author": "civ-student",
      "author_id": "civ_student_rebel",
      "sector": "Университет",
      "created": "2025-08-31T09:35:00Z",
      "body": "ПОЗОР! Они отказываются даже от глотка свежего воздуха, лишь бы не признавать, что наверху есть нормальная жизнь! Это все часть заговора по изоляции!"
    },
    {
      "id": "c41-2",
      "author": "food-critic-88",
      "author_id": "food_critic_88",
      "sector": "Гамма-9",
      "created": "2025-08-31T09:40:00Z",
      "body": "Опасаюсь, что если этот «морской ветер» попадет на нашу кухню, из него сделают «Океаническую похлебку» с ароматом соли и легким привкусом бюрократии. 0/10, заранее.",
      "replies": [
        {
          "id": "c41-2-r1",
          "author": "meme-smith",
          "author_id": "meme_smith_7",
          "sector": "Южный-7",
          "created": "2025-08-31T09:42:00Z",
          "body": "представил как риггс нюхает ветер и составляет протокол о несоответствии 😂😂😂"
        }
      ]
    },
    {
      "id": "c41-3",
      "author": "deicide-mentor",
      "author_id": "deicide_mentor",
      "sector": "Вечный Город",
      "created": "2025-08-31T09:50:00Z",
      "body": "вы думаете это подарок? это плевок. они показывают нам то, чего у нас нет. это не жест доброй воли. это демонстрация силы."
    }
  ]
}
