{
  "id": "0043-surface-package",
  "title": "Слыхали? К нам прибыл официальный «подарок» из Видьяпура.",
  "author": "gossip-monger_central",
  "author_id": "gossip_monger_central",
  "sector": "Коридоры власти",
  "board": "слухи",
  "tags": ["поверхность", "видьяпур", "политика", "гексагон", "загадка"],
  "created": "2025-09-01T09:00:00Z",
  "body": "Тихий слух для тех, кто умеет слушать. Сегодня ранним утром через главный шлюз «Врата Нин» приняли герметичный дипломатический контейнер. С печатями Видьяпура.\n\nНикаких проверок, никакой волокиты. Встречали люди Ректора Клотара лично. Контейнер сразу увезли в его лаборатории в Университете.\n\nЧто внутри — полная тишина. Никто ничего не говорит. Но вся верхушка на ушах стоит. Что технологи из Видьяпура могли нам прислать такого важного, что это потребовало такого уровня секретности?",
  "comments": [
    {
      "id": "c43-1",
      "author": "civ-student",
      "author_id": "civ_student_rebel",
      "sector": "Университет",
      "created": "2025-09-01T09:05:00Z",
      "body": "ТАЙНЫЕ СДЕЛКИ! ПОКА МЫ ТУТ ВЫЖИВАЕМ, ЭЛИТА ДЕЛИТ ВЛАСТЬ С ПОВЕРХНОСТЬЮ! Нас продают по частям! ✊"
    },
    {
      "id": "c43-2",
      "author": "deicide-mentor",
      "author_id": "deicide_mentor",
      "sector": "Вечный Город",
      "created": "2025-09-01T09:10:00Z",
      "body": "подарки от тех кто поклоняется другим осколкам. обычно это называют 'троянский конь'. клотар умный мужик. надеюсь, он знает что делает.",
      "replies": [
        {
          "id": "c43-2-r1",
          "author": "gossip-monger_central",
          "author_id": "gossip_monger_central",
          "sector": "Коридоры власти",
          "created": "2025-09-01T09:12:00Z",
          "body": "Говорят, сама Рианнон была на встрече. И выглядела... заинтересованной."
        }
      ]
    },
    {
      "id": "c43-3",
      "author": "assi-the-runner",
      "author_id": "assi_runner_99",
      "sector": "Линия Фронта",
      "created": "2025-09-01T09:15:00Z",
      "body": "ага. диппочта. значит внутри что-то, за что на обычной таможне оторвали бы руки. или что-то, что нельзя просвечивать сканерами. в любом случае, кому-то очень хорошо заплатили за молчание. завидую.",
      "replies": [
        {
          "id": "c43-3-r1",
          "author": "student-mavir",
          "author_id": "student_mavir_uni",
          "sector": "Университет",
          "created": "2025-09-01T09:20:00Z",
          "body": "А может, это что-то хорошее? Технология для очистки воздуха? Или лекарство? Почему все сразу думают о плохом? Может, это шаг к миру?"
        },
        {
          "id": "c43-3-r2",
          "author": "assi-the-runner",
          "author_id": "assi_runner_99",
          "sector": "Линия Фронта",
          "created": "2025-09-01T09:25:00Z",
          "body": "@student-mavir студент, ты все еще с поверхности, да? ;) мир не присылают в запечатанных ящиках посреди ночи."
        }
      ]
    }
  ]
}
