{
  "id": "0048-rain-signal",
  "title": "Поймал странный звук на пустой частоте... Похоже на дождь.",
  "author": "Связист «Гудок»",
  "author_id": "comm_operator_gudok",
  "sector": "Станция «Тишина-7»",
  "board": "странности",
  "tags": ["сигнал", "аудио", "аномалия", "загадка", "тишина-7"],
  "created": "2025-09-10T03:00:00Z",
  "body": "Третья ночная смена подряд... Уже уши от тишины болят. Крутил анализатор просто так, от скуки. И наткнулся. На частоте, которой нет ни на одной карте, пробивается слабый, повторяющийся сигнал.\n\nОн длится ровно 42 секунды, потом пропадает, и через час появляется снова. Это не похоже на технику. Это... шелест. Как будто тысячи маленьких капель падают на что-то. Похоже на старые записи дождя из архива.\n\nЯ не знаю, что это. В нашем секторе нет открытой воды, и источник сигнала не пеленгуется. Но почему-то от этого звука... становится спокойно. Прикрепляю аудио. Может, кто узнает?","comments": [
    {
      "id": "c48-1",
      "author": "student-kaelen",
      "author_id": "student_kaelen_lotus",
      "sector": "Университет",
      "created": "2025-09-10T06:30:00Z",
      "body": "Ого, красиво звучит! Как из старого холо-фильма :) может просто помехи?",
      "replies": [
        {
          "id": "c48-1-r1",
          "author": "Связист «Гудок»",
          "author_id": "comm_operator_gudok",
          "sector": "Станция «Тишина-7»",
          "created": "2025-09-10T06:35:00Z",
          "body": "Я 15 лет работаю с помехами. Помехи так не звучат. Они хаотичные. А этот звук... он упорядоченный. В нем есть... чувство."
        }
      ]
    },
    {
      "id": "c48-2",
      "author": "paranoid-pete",
      "author_id": "paranoid_pete_z",
      "sector": "Дзета-9",
      "created": "2025-09-10T07:00:00Z",
      "body": "ЭТО НЕ ДОЖДЬ! ЭТО ШЕПОТ! ОНИ ПЫТАЮТСЯ ПРОБИТЬСЯ В НАШИ ГОЛОВЫ ЧЕРЕЗ ЭФИР! ВЫКЛЮЧАЙ!"
    },
    {
      "id": "c48-10",
      "author": "h2-ops",
      "author_id": "h2_ops_south_5",
      "sector": "Южный-5",
      "created": "2025-09-10T08:30:00Z",
      "body": "Звук приятный. Включил на повторе в каптерке. Мой маленький робот-уборщик Болтик (#0034) под него так смешно кружится. Похоже, ему нравится.",
      "replies": [
        {
          "id": "c48-10-r1",
          "author": "med-unit-7",
          "author_id": "med_unit_7_hospital",
          "sector": "Госпиталь-3",
          "created": "2025-09-10T08:45:00Z",
          "body": "Не советую. Неизвестный сигнал может содержать инфразвуковые частоты, влияющие на нейронную активность. Понаблюдайте за роботом. Если начнет разбирать вашу бытовую технику на запчасти — вызывайте техников."
        }
      ]
    },
    {
      "id": "c48-3",
      "author": "Техник К-7",
      "author_id": "tech_k_seven",
      "sector": "Техузел-4",
      "created": "2025-09-10T09:00:00Z",
      "body": "Сделал быстрый анализ файла. Очень интересно. Несущая частота не соответствует ни одному из наших протоколов, она как будто «между» стандартными каналами. Амплитуда стабильна, что исключает большинство внешних помех. Источник неясен, но он явно искусственный. Больше похоже на какую-то забытую систему вещания, чем на аномалию.",
       "replies": [
        {
          "id": "c48-3-r1",
          "author": "molot-scout",
          "author_id": "molot_scout_recon",
          "sector": "Северный-2",
          "created": "2025-09-10T09:08:00Z",
          "body": "У нас на «линии» такие «забытые системы» иногда оказываются приманкой. Ведут в гнездо. Будь осторожен, связист."
        }
      ]
    },
    {
      "id": "c48-4",
      "author": "Дежурная Ланда",
      "author_id": "duty_officer_landa",
      "sector": "Станция «Тишина-7»",
      "created": "2025-09-10T09:30:00Z",
      "body": "Гудок. КАКОГО ХРИША ТЫ ВЫКЛАДЫВАЕШЬ СЛУЖЕБНУЮ ИНФОРМАЦИЮ НА ОБЩУЮ ДОСКУ? Это нарушение протокола 4.1.7! Стереть пост немедленно!",
      "replies": [
        {
          "id": "c48-4-r1",
          "author": "Связист «Гудок»",
          "author_id": "comm_operator_gudok",
          "sector": "Станция «Тишина-7»",
          "created": "2025-09-10T09:32:00Z",
          "body": "Но... я просто хотел узнать, что это. Я не думал, что это секретно."
        },
        {
          "id": "c48-4-r2",
          "author": "Дежурная Ланда",
          "author_id": "duty_officer_landa",
          "sector": "Станция «Тишина-7»",
          "created": "2025-09-10T09:35:00Z",
          "body": "ВСЕ, ЧТО ТЫ СЛЫШИШЬ НА ПОСТУ — СЕКРЕТНО по умолчанию. Это последний раз, когда я предупреждаю."
        },
        {
          "id": "c48-4-r3",
          "author": "civ-student",
          "author_id": "civ_student_rebel",
          "sector": "Университет",
          "created": "2025-09-10T09:40:00Z",
          "body": "ТИПИЧНАЯ РЕАКЦИЯ ВЛАСТИ! НЕ РАЗОБРАТЬСЯ, А ЗАТКНУТЬ! ✊"
        }
      ]
    },
    {
      "id": "c48-5",
      "author": "student-lira_genetics",
      "author_id": "student_lira_genetics",
      "sector": "Университет",
      "created": "2025-09-10T10:00:00Z",
      "body": "Пожалуйста, не удаляйте! Это же удивительно! Звук, которого не должно быть! Может, он «помнит» то, какой была Поверхность? Как мой шафрановый ирис! Что если Система пытается вспомнить себя?! 🌱"
    },
    {
      "id": "c48-6",
      "author": "Ревизор-стажёр Ро",
      "author_id": "revisor_ro",
      "sector": "Внутренний контроль",
      "created": "2025-09-10T10:30:00Z",
      "body": "Уважаемые @duty_officer_landa и @comm_operator_gudok. Зафиксировал потенциальное нарушение протокола 4.1.7. Кроме того, любая незадокументированная аномалия требует составления рапорта по форме 112-А и немедленной передачи в мой отдел, а не вынесения на публичное обсуждение. Прошу обоих предоставить письменные объяснения.",
      "replies": [
        {
          "id": "c48-6-r1",
          "author": "Дежурная Ланда",
          "author_id": "duty_officer_landa",
          "sector": "Станция «Тишина-7»",
          "created": "2025-09-10T10:32:00Z",
          "body": "@revisor_ro Займитесь делом. У меня сектор гудит, а не рапорты."
        }
      ]
    },
    {
      "id": "c48-7",
      "author": "deicide-mentor",
      "author_id": "deicide_mentor",
      "sector": "Вечный Город",
      "created": "2025-09-10T11:00:00Z",
      "body": "началось. один услышал что-то красивое. другой пытается это проанализировать. третья орет. четвертый строчит бумажки. а пятый просто слушает... \n\nпарень. гудок. ты поймал на крючок не рыбу. ты поймал на крючок всю нашу мышеловку. будь осторожен."
    },
    {
      "id": "c48-8",
      "author": "Аноним «Тридесятый»",
      "author_id": "anon_thirty",
      "sector": "—",
      "created": "2025-09-10T11:11:00Z",
      "body": "Звук — это память воды.\nВода помнит небо.\nНебо помнит звезды.\n\nСлушайте тихий дождь."
    },
    {
      "id": "c48-9",
      "author": "forge-welder_ilm",
      "author_id": "forge_welder_ilm",
      "sector": "Промышленный-8",
      "created": "2025-09-10T12:00:00Z",
      "body": "У нас в Кузнях Илмаринена есть старая легенда про «Песню Металла». Говорят, если долго вслушиваться в гул плавильных печей, можно услышать голоса тех, кто ковал мир. Может, у вас что-то похожее? Остаточная память места."
    },
    {
        "id": "c48-11",
        "author": "assi-the-runner",
        "author_id": "assi_runner_99",
        "sector": "Линия Фронта",
        "created": "2025-09-10T14:00:00Z",
        "body": "сколько заплатите, чтобы я принесла вам настоящую дождевую воду с поверхности? будете слушать вживую. дорого. :Р"
    }
  ]
}
