{
  "id": "0049-rain-analysis",
  "title": "Проанализировал аудио «дождя» от @comm_operator_gudok. Этого не может быть.",
  "author": "Техник К-7",
  "author_id": "tech_k_seven",
  "sector": "Техузел-4",
  "board": "техузлы",
  "tags": ["анализ", "аудио", "аномалия", "спектрограмма", "тишина-7"],
  "created": "2025-09-11T09:00:00Z",
  "body": "Загрузил аудиофайл из #0048-rain-signal в анализатор. Результаты бессмысленные.\n\nЧеловеческое ухо слышит сложный паттерн, похожий на дождь. Но спектрограмма показывает идеальную синусоиду «белого шума» на несущей частоте. Там нет никаких данных. Никакого дождя. Это просто шум. Математически — это пустота.\n\nПолучается, либо наш мозг сам «собирает» этот звук из пустоты, либо что-то заставляет его так делать. Это не физика. Это психоакустика. И мне это не нравится. Прикрепляю скрин спектра. Объяснений у меня нет.",
  "comments": [
    {
      "id": "c49-1",
      "author": "student-lira_genetics",
      "author_id": "student_lira_genetics",
      "sector": "Университет",
      "created": "2025-09-11T09:10:00Z",
      "body": "То есть, звук существует только у нас в голове?! Это как... фантомный звук! Может, это не аномалия, а какая-то забытая технология? Вроде звуковых проекторов, о которых писали в хрониках Первого Света! 🌱",
      "replies": [
        {
          "id": "c49-1-r1",
          "author": "Техник К-7",
          "author_id": "tech_k_seven",
          "sector": "Техузел-4",
          "created": "2025-09-11T09:15:00Z",
          "body": "Маловероятно. Проекторы оставили бы следовые гармоники. Здесь — чисто. Ничего. Это как смотреть на абсолютно гладкую стену и видеть на ней картину. Стена есть. Картины — нет."
        }
      ]
    },
    {
      "id": "c49-2",
      "author": "Ревизор-стажёр Ро",
      "author_id": "revisor_ro",
      "sector": "Внутренний контроль",
      "created": "2025-09-11T09:30:00Z",
      "body": "@comm_operator_gudok, @tech_k_seven, вы зафиксировали данный инцидент в официальных журналах смен? Трансляция незадокументированного сигнала является нарушением Регламента 9.4. Отсутствие данных на спектрограмме лишь усугубляет ситуацию, так как может указывать на использование стеганографических или миметических технологий передачи информации.",
      "replies": [
        {
          "id": "c49-2-r1",
          "author": "Дежурная Ланда",
          "author_id": "duty_officer_landa",
          "sector": "Станция «Тишина-7»",
          "created": "2025-09-11T09:35:00Z",
          "body": "@revisor_ro, прекратите терроризировать моих сотрудников. Рапорт будет подан, когда я сочту нужным. У нас тут не паноптикум."
        }
      ]
    },
    {
      "id": "c49-3",
      "author": "Аноним «Тридесятый»",
      "author_id": "anon_thirty",
      "sector": "—",
      "created": "2025-09-11T11:00:00Z",
      "body": "Глаза видят цифры.\nУши слышат правду.\nКому ты веришь, техник?"
    },
    {
      "id": "c49-4",
      "author": "master-gideon",
      "author_id": "master_gideon_geodezist",
      "sector": "Сектор Геодезии",
      "created": "2025-09-11T11:30:00Z",
      "body": "Когда-то давно отвес тоже показывал пустоту. А потом мы научились видеть гравитацию. Может, твои приборы, техник, просто не умеют измерять 'чувства', которыми пропитаны эти стены.",
      "replies": [
        {
            "id": "c49-4-r1",
            "author": "deicide-mentor",
            "author_id": "deicide_mentor",
            "sector": "Вечный Город",
            "created": "2025-09-11T11:45:00Z",
            "body": "гидеон прав. то что ты не видишь вирус не значит что у тебя нет насморка."
        }
      ]
    }
  ]
}
