[
  {"id":"0002-black-water","title":"Чёрная вода в кранах","author":"h2-ops","sector":"Южный-5","tags":["вода","аномалия"],"created":"2025-08-08T20:00:00Z","body":"Сегодня подача перекрыта, но из крана текло..."},
  {"id":"0001-first-shift","title":"Ночная смена: кто включил луну?","author":"elec-eliara3","sector":"Элиара-3","tags":["свод","архив"],"created":"2025-08-07T23:40:00Z","body":"Запрос пришёл в 02:17..."}
]
